Age,Annual_Income,Total_Spent
56,54674,3624.582036493813
69,55854,3690.6840928760275
46,66271,4108.833988814293
32,93688,5604.548124626625
60,58518,4563.826640243642
25,30267,2650.1920997203024
38,110825,6297.229950379249
56,21062,1807.1341548177397
36,70448,4135.524003909428
40,115462,6634.1601786275405
28,26229,1990.4834719225457
28,76793,4913.643318570052
41,67915,5068.627860958328
53,24632,1923.972685192957
57,23596,3112.7424544122314
41,26168,2509.5196233791967
20,27561,1627.6385049073963
39,93794,6023.982419432539
19,102152,6235.424150709583
41,46734,2721.552277903077
61,26371,3099.6576262428243
47,46069,3545.991410517982
55,99905,7004.529563989596
19,32910,1718.4807090002505
38,93479,5067.236628132002
50,97735,4623.41893512833
29,101264,5783.796960283982
39,43275,2936.3756278093592
61,92274,5247.203164232166
42,101449,5661.524634255972
66,80004,4334.589494912443
44,82981,5408.272476415843
59,104659,5873.100262735846
45,74553,5949.674507810475
33,68447,3829.5493496444838
32,54529,2826.6405794758452
64,95703,5538.993440632569
68,96090,5118.5195117278745
61,37260,3019.135945351471
69,23812,2015.6501501104392
20,48024,3266.8263951988692
54,78656,4605.426252412792
68,47285,4076.4710558428233
24,112436,6360.527874658521
38,21605,1664.5483883591721
26,91158,5738.016293675411
56,92303,5931.296730518605
35,47139,4355.056413331613
21,97149,4967.722377510898
42,76138,4475.20805272923
31,96125,6055.604505505465
67,33918,1929.1310940824437
26,105655,6331.221781616281
43,47446,3236.9513788407357
19,33046,1493.1946222763763
37,44818,2114.3801707244393
45,24324,1554.9552634348581
64,96323,4633.7402138372145
24,29111,1570.7802781542482
61,58110,4131.778166671291
25,36389,1956.299679515586
64,61427,4725.506350716904
52,99579,6588.923801362645
31,48746,3540.122241312887
34,107886,6019.6204551321825
53,20117,638.5103637567654
67,104471,5876.701253983697
57,33234,2445.6807366128064
21,73441,3540.1161752475946
19,20846,1257.5472622567145
23,30954,2697.7337343466897
59,99239,5024.0617352423415
21,66514,4546.546028059513
46,108236,6544.163210877069
35,117579,6538.058404138848
43,26469,1611.6417221296183
61,50105,2983.274827254287
51,62101,3056.94114270563
27,84323,5479.532740157194
53,111922,7159.905780037021
31,78067,3665.2076857083593
48,69376,3912.4860025468997
65,65587,4470.922384615955
32,56976,3179.0454309138963
25,87584,3794.862621484091
31,98477,5059.963619722156
40,62533,4702.16714901001
57,21828,1651.410704792778
38,21917,1584.1163316488967
33,40618,1953.3112879823098
62,52254,3836.5814926418743
35,67362,3950.6758995122923
64,40128,2595.390129221511
41,79383,3931.822302096287
43,85545,5624.521687005437
42,102180,4936.22829667946
62,107958,6579.807847794778
58,29865,1286.3103776442135
46,22219,2154.5558415061914
32,59809,3955.5994436300307
62,25287,2741.741855819957
18,54387,2908.745765715066
42,28512,2847.601802781848
24,21342,2580.995847498034
26,83076,4382.988431977019
41,39216,2350.297484935036
18,113070,5998.088630172468
61,99767,5664.509927052897
25,117829,5954.51490199494
41,46614,2677.3307298792456
28,56258,4090.778004003123
68,113789,7095.390997517717
34,62078,3373.4269363709545
25,103524,4323.637487138858
52,116573,5836.417753196767
52,32219,2642.6645413009387
50,20235,700.9720293055914
22,62929,3622.946763725978
59,87444,4724.418137567487
56,28567,2314.252887290337
58,90792,5441.528150667072
45,85441,5007.344966945356
24,104555,5390.53907646074
26,93698,4861.2571871961345
25,25415,1285.3547905317807
29,56159,3484.8961586209452
51,63925,4363.846337390474
50,25951,1438.063738731937
65,107388,6318.5857638538655
40,28007,2098.6410367438693
41,61832,3798.485567311521
54,78596,4823.184809798259
52,50523,3105.132594827388
61,108861,6497.56521273127
57,106740,6501.01435549181
39,35524,2431.718327911282
44,39282,2877.0699182668623
52,43930,3471.6767055187534
18,20077,348.37982105236597
52,40611,3282.281920932684
54,36984,2830.4138826106373
64,34060,2107.1873361306366
31,102985,6015.485441159844
20,104056,5303.639546988019
18,63303,3304.1667818407236
22,79207,4036.510108767169
43,95046,5548.499422119113
31,49287,2536.673428743974
56,113709,6976.187314973894
44,59711,3576.1187064026644
26,31954,1805.5987582560313
32,93340,5523.437838806985
32,92101,4925.27161884046
43,91520,5695.088412681151
59,107062,6727.8964754204335
30,38574,1711.2980808905113
68,29184,3033.8301011114618
49,39096,1958.7820142490573
56,87728,5812.190263441256
66,54016,4704.978596115119
69,31246,3034.7172191345658
49,65558,2934.4096776501638
21,38381,2765.8328596930096
47,56455,4650.814482968006
54,112263,6271.634179500986
40,24018,1783.548339985055
56,31302,1810.8566390367841
62,87506,5461.3397094098345
32,61157,4172.438591271565
60,74917,4994.7185640747275
46,112738,7897.8834886439
53,116646,6643.813521482899
30,103122,4790.7633162923685
49,44519,3046.43548578411
24,116809,4992.224117393756
68,107487,6127.798037567743
39,76819,5238.141029300106
45,100910,5883.066824315885
19,91324,4940.908406415634
59,25408,3065.7901883576783
62,79379,4763.650054168315
23,45053,3228.5602064670547
45,29446,2211.9534875831705
45,20922,1911.1237317295133
61,118723,6242.497572068494
61,71356,4241.776602585892
37,30789,1395.690883578063
47,117720,6543.377460887327
28,86656,4948.001171958133
45,64028,3321.380947454274
42,84484,5878.789461342411
56,52154,3586.7530095459806
50,102870,5922.39779279261
18,22336,1771.6288756728127
44,87779,4634.485959567039
69,39029,3068.1887395837266
30,79201,4051.6168898212045
58,52265,4262.589955044491
20,63872,2964.28032530146
56,66197,4181.432729653588
23,75180,4268.657892575888
25,43710,2757.912872203851
44,49486,2843.682413458584
26,91907,4537.595298927452
54,91895,5121.3524134769505
50,84435,5235.912717105141
68,60631,3979.6271145440182
59,40103,3288.2544042262607
61,84772,5392.101859697537
41,34382,1195.6436509501964
32,104291,5818.298898418606
49,23756,3048.0273839081347
49,40609,3428.0845255191653
41,36478,2649.9065803534845
58,59666,3323.6039347650285
69,95683,6057.926858062823
66,119097,7314.72496993913
66,91315,5428.876659586208
69,97834,6085.071029402218
29,34153,2897.4812291980206
56,96325,5227.6127901291375
19,32999,1405.8001975204365
20,75318,4412.2496629971065
66,20814,2259.47131809904
54,96077,6128.269147706406
66,110474,6798.596905951886
34,22443,1348.2724684129032
66,95993,6005.746325732703
19,95916,4509.736728351913
19,93319,4825.790644133503
45,37368,2794.799615483202
40,35328,2186.142891638055
54,76942,5891.126091114914
49,111751,5376.457875588167
50,119131,6432.804821500595
18,47306,2166.410083065045
36,105451,5462.375596271024
19,59915,2959.2508882595607
61,57219,3112.739656570504
43,100879,6065.301074286314
49,84644,4693.652351306449
23,80279,4440.736667794328
49,73028,4168.9871190448775
21,20126,975.8597938568953
28,72329,4872.589618043425
34,47632,3353.066091104704
55,85310,4156.399800022427
41,75176,3386.731275832057
22,106066,6154.604417818244
69,64327,3991.4233042256233
51,88904,4385.658833032889
23,23797,2057.7175662701707
39,67882,4063.6620250495457
28,33718,2231.68554241616
65,54560,4107.769636002954
33,96589,4669.461420858803
50,42116,2040.0495893079178
26,56244,3992.6771474516013
23,21645,708.6666196288538
33,67523,3260.031101462218
46,39256,2141.582310227117
20,73173,4998.622961845262
37,57430,3673.191650205761
53,59282,4241.8039872176905
36,83374,4806.783772789364
43,88244,4756.256394399383
20,31694,2200.345641630084
36,76264,3574.892014601599
37,95060,4760.358273951752
49,117416,6972.2875896307405
24,77545,3558.6223845866098
69,59224,3901.6592654190636
58,117945,6695.493827822294
50,33224,2146.868998331419
57,60738,2916.3407625755717
56,45150,2783.035554405654
35,83731,4299.065811533757
57,69688,4420.119931643849
18,119929,6321.695269349735
28,93509,5284.430729968437
45,28577,1765.8568635128017
42,28070,2294.888975232946
67,28666,1660.2966336131585
40,77761,3577.097633673823
48,56368,2370.613637916686
47,26783,1794.5013802140015
59,61914,3604.0508878307214
52,90507,5700.0078059273
24,99026,4986.968706475565
33,87526,5007.988173972134
43,90835,5593.398288291539
65,65765,3920.090462175442
69,39956,3181.826105053588
66,107895,6885.713774477597
19,66240,2977.9186125972165
18,57148,3139.826169122322
65,114270,6347.482808400343
29,24757,1085.605058753431
22,39097,1516.6241297548859
54,30395,1734.4257139106498
49,36241,2577.0645028760064
26,47696,1969.3777722191269
58,90480,5118.636487955681
52,66163,4494.747203426449
36,39816,2755.305481709468
65,69840,4201.746188530921
33,72853,4982.495206679361
20,44917,3492.3682069558304
37,116731,6404.611215769863
41,41566,1459.0285420578462
50,95452,5965.82409850813
41,82823,3609.161829983208
69,40806,3813.3730553600335
28,95520,5737.792450371149
66,21759,2965.05625206901
25,61949,3602.5827791838637
53,112374,6233.007116409081
55,22482,1724.0494331548882
57,44442,2803.9699144845513
37,53719,3731.4843268373515
52,78066,5039.435744752939
65,113501,6710.162816717107
42,22079,1372.859346036514
52,22717,3230.4563156501363
42,79676,5069.987306981435
46,47952,2288.7440401132953
35,106444,5589.071992031437
63,62460,4533.8880487043525
35,110397,5645.080539383658
19,92847,5103.123979412945
52,113607,6935.748150168074
33,109106,4256.085958671803
58,38449,2738.431150105375
53,53536,3437.404576782561
50,84077,4747.813772158105
21,58258,3378.7475674730204
50,68302,4493.859803747938
31,48865,2979.2754721623046
38,26645,1715.3363029752838
65,58000,4191.310649892135
37,46737,2916.3767046371786
25,31485,1833.899793402261
24,58565,2632.1103073305403
20,45522,1794.7726073669608
34,85155,4102.135103642965
50,75168,4647.564530610107
65,72487,4559.810626196824
29,32342,1311.9579508962688
68,60806,4383.258912896906
39,68770,4710.654756589547
39,98623,5216.903191641833
63,119785,6063.759071315813
47,95629,5131.886807549044
55,72603,4882.380313397347
55,101974,6197.964929267388
62,46399,2788.733656994261
68,105382,7049.686068882371
25,101244,6111.3400329632
44,96534,5120.196968361679
44,75106,4043.654998517517
51,50678,3002.4860313102554
38,96218,5127.233612305728
47,83230,5341.769003964222
50,94055,5665.414530238297
45,76373,4932.189384675294
64,51480,3870.78257159335
50,105230,6868.763534096866
22,88836,4242.10722809543
65,92258,5778.079265191958
36,59986,2452.389371882651
21,44160,1864.522212951571
52,105595,6022.323307032577
66,99111,6154.653306377269
34,84929,4705.542128985215
61,93506,5306.703790593661
45,54911,3225.8410612534813
47,107127,6746.070488212053
46,51821,3089.03391105993
63,95039,6571.570811021764
23,80535,4768.758536770567
52,104458,6231.668673074116
58,32175,1881.9515448395023
54,74771,5016.169080699814
41,106925,5714.364711125751
46,86358,4410.680120997151
66,37327,3112.771806539689
63,67057,3603.8769697167304
48,26150,1646.379268935209
52,24425,1996.1920442655444
50,36032,3660.810712057364
69,22198,1801.4421221037564
38,80500,4365.891740349713
49,73394,4770.872527210823
40,40079,1984.8021558119767
50,56220,3782.4031905104575
20,61874,3996.6634038082943
35,33859,2064.402557644449
42,70460,4666.077140698433
59,51419,3601.6749616059033
48,28705,1789.9090180981098
20,62880,3345.097657051747
57,43236,2826.921330009879
63,107955,6298.930871091761
41,105514,5967.058949609915
67,35358,3066.9999674859287
49,119713,6974.984124793568
64,114914,5489.843214368927
39,96918,5382.245905613987
40,34596,1575.089043296619
19,53572,2825.7363737663372
44,98757,5535.955206094541
59,21279,2437.0241790423547
19,83197,4429.79226644995
43,82516,4900.40900917163
34,27083,2260.6781903287147
57,37771,3357.42612990965
50,49975,3187.2430383215446
26,65648,3719.4897208402044
60,68285,4319.261651121127
65,39063,2656.8505177844618
56,87642,4837.542388278805
46,110093,5058.707041787033
59,106143,5653.819532737836
43,57599,2635.6345833950986
52,71920,5003.599242226626
67,48529,3525.6580041487146
42,55954,3364.7305135265833
41,47856,2649.0574069594595
30,22573,1593.5396316173121
24,98344,4853.210061172334
53,55367,3650.359278310302
62,119608,7033.266991460678
37,80774,4163.008148821629
18,43752,2017.3690175887969
25,75029,4607.549677297559
63,37685,2802.8200228543496
33,71693,3689.139785367555
31,75961,4077.7968491552406
29,96908,4775.102956646697
68,94532,5713.008209669042
40,101994,6115.514153832235
32,76133,4272.814666202869
45,117425,7728.066721837692
51,81268,5039.0797840245
19,112201,6010.027223921106
49,58243,3192.998934517097
40,77384,4349.933276578668
39,51653,2778.143078483154
68,46657,2270.027385797938
42,59952,4114.731111064404
39,42180,2438.2747222248845
39,117432,6076.399962833348
66,98411,6015.835016979233
69,21622,2372.3497761107587
59,68756,4162.412583546861
23,60809,3384.149166195491
32,36725,2689.3437036572013
60,81396,4789.703202695026
54,71226,4522.466870881667
50,101182,4979.4776908054255
25,102565,4882.590500786126
61,49402,3687.869889040202
61,24263,1481.3706804163508
22,116523,6273.218773556649
56,66828,4107.900608901463
21,67924,3528.966368739886
23,94182,4639.868615516136
62,113065,7037.920009052687
49,79052,5552.545577259918
69,31664,2768.296081300097
47,55737,3653.0953578364088
64,109563,6096.984685071254
52,49373,2650.6013840878104
57,56397,3654.9805475969133
69,106145,5855.375176020962
33,58709,2544.1449358420896
30,81120,4907.722906182791
67,39250,3393.5833941259166
59,41172,2514.180613523453
47,31555,2404.732160639622
36,107410,6411.476133895883
34,98617,5543.36334353094
36,73276,3607.2226769506333
45,77492,4433.1532933814515
43,73002,4958.504710020996
54,109599,6413.463321802557
43,92355,5532.316051591402
40,111248,6333.214609684558
26,44762,2200.3443210108735
29,31046,1676.877390358679
18,116999,6289.382578525872
18,48769,3116.885890010204
64,73302,5175.052475458941
51,43150,2493.447227615903
49,88247,5363.910267338597
65,24853,2811.1720558594884
42,114613,5867.109114855989
57,109399,7068.323567899888
62,41792,3839.070413672095
18,79129,5538.993169810831
33,94478,5334.366720414998
56,87298,5323.1123381312245
22,51987,3342.8471945586593
39,35850,2776.4013365247083
46,32112,2858.7834304978032
20,44058,2894.916590232552
29,65420,3652.9690454809806
43,58890,4200.498560486751
33,86017,4260.222925153637
68,67304,4388.126168362689
54,52921,4237.9178080249
39,21524,1036.0767509398404
46,35048,2103.6621715014185
31,55111,3556.423645538646
45,57904,3767.1559866180764
22,74912,3638.087296171878
64,54008,3452.3029986349297
66,20060,1402.6089686748305
47,94666,5928.542499760286
63,103559,5995.0093211647345
69,75337,5697.927955380316
22,33350,2038.0501220200108
29,44354,2542.829848298562
33,65186,3595.8891193541012
43,48145,2930.1500824037857
43,54020,3401.4105475669016
65,106123,7537.35378828916
38,95186,5159.87016495032
56,105469,5960.273269614346
53,40581,2856.8469228415893
50,108929,6741.587253172131
47,43051,2147.0577194636107
54,71474,4611.246368454823
40,111748,5778.687411989419
27,89626,5162.9363444754745
22,26960,1431.120028819772
53,55772,2431.5488301213572
51,41520,3025.7888013437428
69,69481,4689.622385173435
48,56408,3250.859845760285
27,114006,5786.128069928499
36,77134,3741.0136374561744
49,40491,3146.099970769436
18,21341,1778.157891233404
22,64623,3121.6245574120553
62,110327,6176.382770230575
21,20338,1300.2554394305184
33,91431,6201.982640517774
41,32254,2500.260873794466
33,71860,3616.2922424958106
19,31344,2004.0901547452527
66,21750,1389.1542296809591
45,74756,4771.795154958086
49,87957,5970.623696772243
44,78053,5402.545842541978
37,90855,5465.1967517371695
41,35896,2118.0938220659355
29,75761,3572.5991217429373
67,82552,4432.497478315446
52,97454,4249.591445250728
50,110600,6626.927881503961
50,47935,3095.3322398878004
68,57641,4356.658083226564
60,49711,4099.565742617394
54,90342,5377.052771951206
29,32182,2117.080804856575
20,107833,5459.4898277512675
18,76276,3910.757791413796
50,39541,3091.284956236467
57,114457,6490.662484817345
27,102310,5360.996166623588
60,64813,4131.491570278574
61,57198,4218.065098030795
46,28820,1784.6692210849487
30,44070,2620.2357412239835
29,89768,5046.038918889215
48,31122,2856.21095179262
63,100559,5853.301611600291
19,93543,4603.238306974139
68,103441,5949.869527863822
67,61786,4620.82871650769
52,114934,7543.3526493017325
40,119804,5933.321093156985
34,26737,1299.1991924650715
43,56062,3363.7016066489277
25,74237,4142.328048034022
46,71571,4662.034782777498
43,45510,2474.933495699257
27,39426,1844.745481675268
43,57265,3577.293576566815
51,37850,2528.299639896416
68,86150,5790.860498885762
58,107312,6479.279901595192
24,109613,6118.33967381661
21,94910,5008.259326811567
67,72375,5801.540129284103
62,55435,3282.87600920312
28,116443,6547.554916877388
46,77132,3911.755006463447
53,98945,5205.516161130274
42,102050,5428.827200617273
38,115402,7154.761668309014
53,22983,2076.0972152270097
27,117241,5971.810965727813
54,40662,3030.318162977287
26,43510,2583.073940712254
41,98187,5278.363315430441
52,60998,3131.585572105886
66,76846,5551.5712422561455
52,114071,6588.459064355021
65,26640,3393.8691867341195
53,64547,4492.51081027044
35,74620,4531.659862380521
66,35317,2538.2478356915167
56,27564,1670.5272180715415
49,47345,2993.384507755776
41,114223,5764.0037028970855
40,99273,5888.745190365378
49,94859,6294.276248848565
54,100765,5717.793866941435
29,94038,5609.145486195599
66,72393,4265.035464891571
30,86081,4602.816580896325
40,49430,2664.0180077172786
42,95532,4340.033482464745
52,47788,3151.1333250406947
58,115505,6709.475868798876
47,68543,4665.080499380818
34,33919,2603.669126334644
66,89346,5861.776449519498
37,116122,5874.081888441062
65,59974,4203.448653035346
42,36371,3239.846982740796
39,65084,4029.1339253545407
30,49629,3845.746806532499
36,71184,5108.683055559933
66,81916,4951.565864854178
53,93972,5145.1301274597145
29,82187,4163.618917290525
58,32984,1761.1320899483899
36,53039,2932.748550292239
29,105431,6310.382724878124
26,103691,4472.531212374381
24,78606,3771.573299643127
45,30616,2142.2342791740016
31,70072,3530.00739968915
48,44574,2685.05702787989
69,23430,1950.3351627888483
36,32676,2045.0298899691256
64,30816,2136.072651945131
33,52733,2726.043393072226
22,105680,6081.154872960616
52,22050,2407.3270889301725
29,53933,2441.3783273762956
42,44951,1497.7513003635581
69,52413,4187.337424785465
38,54801,2695.6497907239313
53,75619,4682.32241922987
40,52913,2462.8140634858914
33,60600,4173.877492629836
56,77775,6000.583947650764
62,110816,6562.203454602669
59,110093,6342.598675770242
56,55400,3448.930212404968
31,24494,2080.599655656456
48,100688,6038.243375467293
22,109431,6303.299226776432
52,94691,5200.591738700959
40,117419,6641.008853202323
46,63001,3568.8159666469023
60,87364,4739.342175964973
28,65028,3650.8922894982684
35,117659,5946.69363481146
64,57573,4425.513498871294
29,20806,1044.3398109920886
26,76638,4403.6729703436795
27,49757,2591.1388506201392
61,54636,3785.3313752187564
34,100097,5252.851713272322
55,68280,3610.3943625712313
24,44262,2814.9863704759227
63,100435,5849.042189043389
30,82211,4703.54247036123
57,74842,4382.678532184782
59,76979,4069.981743115775
26,101470,6005.089298528128
67,58197,4283.228877720545
44,61844,3468.7195122233784
19,84754,4557.589606749399
22,54157,3558.859741581469
46,97129,5317.9308320688015
54,60042,3661.1577474047244
55,81665,5030.066250003687
36,102856,5453.254468222707
25,47376,3172.3459984935116
65,75554,4668.249609846282
62,34199,2247.9320625030127
18,101412,5644.919414936998
39,70948,3561.3346752843263
69,93781,6731.4892805621075
34,92750,5938.748181790102
24,86262,4929.8477384605085
42,66600,4174.665510909951
62,96898,5966.12070890965
21,82483,4194.602607040547
53,38297,2858.5048228404216
23,50448,2405.833694771076
48,46172,3280.5092092200903
36,62874,4117.623471515648
61,27657,2108.806949508333
56,104386,5761.74910292264
44,45425,2325.0114876760454
27,46685,3468.2276167828454
43,44578,2616.0679830788945
36,48831,2882.180481991689
56,27906,2385.377792497863
20,81413,4511.753821444967
62,74028,5004.680047840535
30,27287,1624.6850400808357
67,53660,3118.6660307645434
45,95758,4806.067345513842
37,80504,4290.5723835785775
45,79720,4185.074762662688
25,54701,2958.241647346121
58,103300,6688.789405379991
56,37674,2535.060897058155
18,103560,5259.174569332722
20,43874,2485.500611872106
30,63642,3429.287504393967
45,117820,6532.304382140903
66,85160,5518.434611240673
42,37602,2952.4755273816572
50,108801,6691.656599869512
55,45931,4149.97611036551
23,114377,6348.52972308622
61,49192,4491.839450674655
62,66542,3868.8590959701787
49,62520,4906.642451212292
62,84772,4978.411972890205
64,78762,4757.090534618483
38,70106,4015.3637262885636
33,101121,5441.739644420634
38,45559,2890.870198363252
28,53742,2817.0859987557806
54,89669,5708.431086535686
53,100199,5528.532482689411
52,41754,3195.5051991264463
36,23972,2502.4618097618823
37,90831,4917.99881509613
35,61873,4015.841708989589
64,114661,6972.629644451593
58,29903,3491.593441109875
66,23020,1888.584717577525
31,61755,3950.285808402892
32,105956,4964.794454111724
48,106988,5821.470794631594
18,65648,3729.096418798454
20,29516,2472.3799845448907
33,22396,1001.8333175078985
40,104082,6197.145320370556
28,39129,2344.8382717585205
29,21591,753.7861733038437
27,31303,2060.943422974395
49,50561,4117.630616489106
33,91719,4520.738670044191
25,112108,5925.431142314908
55,119616,6312.480507680217
29,106231,5512.258534044992
41,27314,2696.785071762317
45,39623,2520.3877622543087
25,87675,5459.532868757664
45,116826,7070.827023965793
53,85082,4867.731043257776
43,103624,5574.900269696885
25,53130,2583.500596592749
67,71756,4127.359402903298
45,117624,6732.803697253922
45,46292,2979.707342392517
54,106206,5808.497282535397
58,89274,4559.318538938361
53,22469,1971.539383911106
44,73947,4122.573910469334
34,42534,2539.051152208953
26,83620,4723.3309143490405
50,68874,2942.798569306069
37,69708,3273.7626981454378
30,94553,6325.8715384025945
45,88344,4838.894746650191
65,69138,3173.183448801235
46,74302,3680.1299102418743
30,67638,5074.133684320717
63,98249,5505.95126986508
52,22719,2495.457622448578
23,42890,2550.0589991686024
35,97236,5144.316481250515
68,56509,4233.172735381547
22,62534,2264.521662321856
64,112241,5851.483690071699
42,38787,2323.17449393022
19,68845,3055.7978008651958
27,77932,4011.2111057480147
47,112124,6738.056522841414
67,111659,6654.018360667991
62,53062,4248.408517754795
22,95713,5213.337642175873
50,107263,6609.380415747264
18,115756,6025.764849935751
35,80461,4252.912258320109
49,95418,6246.184027770944
64,86672,4938.924856031967
66,54832,3903.52241156215
28,51966,3402.748681612237
38,92545,5617.996352235428
43,32987,1711.6286648899904
42,57311,4021.525202914133
39,51575,2674.272376946365
44,83852,5257.951827674997
66,21007,2307.9367355245495
30,90981,5408.365330889949
50,96242,4959.598239450486
51,67517,4434.814871367196
58,49257,3875.646838204086
52,107272,6240.297891580871
18,62207,2971.041660197712
38,33281,2693.923807163995
65,81246,5094.259814050385
23,21435,579.527868086152
45,118875,6170.65526884167
34,111357,5814.702734386514
22,46660,3415.9091438198284
48,25084,2639.2915431531073
22,102197,6103.334265528339
55,33507,2616.5301388419334
20,92595,5386.5473958896
40,103807,5219.960295657055
54,65539,4090.351549196386
54,27491,2410.3663508247982
27,70192,3377.1504713454406
27,100395,5529.706044820935
36,83888,5577.719592902173
34,93609,5469.834892280313
38,29077,2482.6226033320604
31,40953,1286.446538283869
26,96919,6014.934424576462
63,87889,5246.388826123915
18,43821,2076.706842964979
68,57567,3811.0310740950354
62,44860,2430.488920859551
30,41195,3033.7210308760714
21,97475,5021.052138613103
18,110874,5444.384593986966
66,107266,6269.272467155818
57,41427,3485.3578272880704
49,47083,3154.8792003906105
51,107046,5412.4531152332665
45,77372,4776.090414870541
48,64064,3458.7100228386876
25,27813,687.5994843125918
56,51598,4167.903606358589
43,113106,6528.914937413845
51,47082,3079.9646680982923
20,49241,2589.2452426516506
67,116214,7514.239750366659
29,64569,5207.027575099203
18,31745,2081.6402592832583
61,46029,2701.632658836062
22,33025,1904.0172405660119
47,34288,2634.6863360470247
47,109186,4989.535846504067
34,26540,2004.249600889059
65,117768,7081.61256474654
64,101958,6721.071098993611
40,88878,5654.961651186528
32,61846,3627.886080144768
54,95932,6363.91845329018
38,37482,3461.9391595193783
31,43411,2649.52572762223
19,70975,4042.8435392338743
28,80545,3563.601323444712
68,98797,5234.363368779456
56,72307,4036.251842995241
55,23093,1757.8408477414735
51,97258,5079.8384876309665
55,42042,2909.102294011379
67,72930,4444.645416162691
51,64413,4521.097615669808
35,113623,5968.763177258146
47,117883,5455.791025892253
32,53756,3230.67558626771
44,73268,4316.3009877943305
68,59214,3549.6750592977533
51,101871,5906.049941748519
69,48602,2927.4677058868324
55,73331,4656.469976811672
50,68901,5511.512218464926
41,119986,5711.4972635466165
32,83416,4392.67895649542
47,52196,2976.547439275432
59,25626,1949.6700582562285
68,27424,2901.162289798487
34,32857,2424.2632796595126
22,39982,2753.483251303212
46,96961,5553.2977523767995
21,21980,752.9503400275712
27,68290,3262.15731937001
34,46431,3204.679853733296
27,104976,5739.2159492066485
34,102711,6275.653703039419
37,46385,3020.8810516233984
41,58158,2931.3925033339374
22,43019,2219.999092908423
51,38639,2979.3570748414645
23,105530,5976.6662481193125
19,119911,6708.104316077344
30,41563,2003.8879433974034
60,59341,3266.534916961538
60,25776,2093.89874012629
65,56444,4517.2367582667275
28,88916,4518.865839595991
68,28711,2683.0359453004867
64,94318,5903.430569469483
40,102970,6128.886374835307
33,105553,6604.870126974106
48,50707,4036.3032123830535
28,59110,3078.1970830802475
33,81788,3535.4522793456626
25,102879,5179.685332317629
21,58827,3294.186147023618
57,25655,1956.9273611571714
21,64859,4541.899471464068
42,73625,4320.640152158225
20,72098,4231.755940128097
49,35251,2606.157154823672
20,20526,1152.983408254589
44,88760,4135.5941610186665
46,67837,4042.5411807292576
49,31536,3939.1236465770635
67,48541,2809.8208000810832
68,99083,5066.713477812888
36,71027,5059.5446512844555
38,54531,3667.5914849346677
22,28712,1859.3099402617183
35,85455,5479.086931183529
45,94744,4996.449028521952
59,25109,2087.152619542674
39,69268,4525.977058450411
38,74615,5355.9271839101975
23,102503,4885.877842671696
18,49759,3398.3172292801974
22,105708,5806.319530420493
58,80112,4957.130533714709
29,46589,2760.585388872631
43,50015,2453.4266896526983
63,49009,3876.9944991065163
51,103309,5539.315489836837
66,82046,4552.454648748827
31,46143,3214.879479450169
43,26154,2347.2670125733393
62,41804,3059.7000418055313
44,61688,4284.171810405821
26,84288,5317.368290739558
43,71195,4858.86203891277
64,40581,2724.9105132990103
39,72648,4724.452465639855
64,50087,3570.1704887543247
47,69930,5064.453885176187
60,52981,3487.1858318664135
65,89298,5261.664181315835
34,66167,3511.451561578562
43,95304,5504.843947117777
53,63408,4198.762733796052
18,59499,3487.931141463636
25,72269,4163.036270155929
66,58559,4253.468506339904
52,94319,5384.6790820428005
69,115317,6364.592342204065
32,116347,5817.436001543177
64,68787,4886.875547651734
39,55488,3594.561155264145
31,94441,4259.131114524838
43,94663,5926.5267133999705
45,42431,3736.7675732013277
40,81681,4326.091574620734
31,83483,4807.230023138021
41,69153,3835.9209531838205
19,26368,1917.5534627355835
62,47424,2718.195555462388
43,65004,3859.47717145061
31,103869,6149.107063999391
68,108652,7070.4558696494205
24,76985,4422.497909459845
20,70069,3633.9273483951306
64,72326,3779.999457828196
40,101061,5274.275144380359
63,43398,2880.26329762261
60,118393,6470.783108349194
64,70861,4532.826484156808
62,95897,5553.9061319143575
35,101905,5706.3106861677215
55,88577,5855.163650523832
